{
  "targets": {
    "0": {}
  },
  "passes": [
    {
      "program": "minecraft:post/blit",
      "inputs": [
        {
          "sampler_name": "In",
          "target": "minecraft:main"
        }
      ],
      "uniforms": [
        {
          "name": "ColorModulate",
          "values": [ 0.5, 0.5, 0.5 ],
          "override": [ "luminance_time", "luminance_time", "luminance_time" ],
          "config": [
            {"name": "0_period", "values": [ 1.0 ]},
            {"name": "1_period", "values": [ 2.5 ]},
            {"name": "2_period", "values": [ 0.75 ]}
          ]
        }
      ],
      "output": "0"
    },
    {
      "program": "minecraft:post/blit",
      "inputs": [
        {
          "sampler_name": "In",
          "target": "0"
        }
      ],
      "output": "minecraft:main"
    }
  ]
}