{
  "targets": {
    "0": {}
  },
  "passes": [
    {
      "program": "config:post/test1",
      "inputs": [
        {
          "sampler_name": "In",
          "target": "minecraft:main"
        }
      ],
      "output": "0",
      "uniforms": [
        {
          "name": "TestA",
          "values": [ 2.0 ]
        },
        {
          "name": "luminance_time",
          "values": [ 5.0 ],
          "config": [
            {
              "name": "period",
              "values": [ 6.0 ]
            }
          ]
        },
        {
          "name": "TestB",
          "values": [ 5.0 ],
          "override": [ "luminance_time" ],
          "config": [
            {
              "name": "period",
              "values": [ 1.0 ]
            }
          ]
        },
        {
          "name": "Offset",
          "values": [ 0.5 ],
          "override": [ "luminance_yaw" ]
        }
      ]
    },
    {
      "program": "minecraft:post/blit",
      "inputs": [
        {
          "sampler_name": "In",
          "target": "0"
        }
      ],
      "output": "minecraft:main"
    }
  ]
}