{
    "targets": {
        "merge": {},
        "swap": {}
    },
    "passes": [
        {
            "program": "minecraft:post/shareware",
            "inputs": [
                {
                    "sampler_name": "In",
                    "target": "minecraft:main"
                }
            ],
            "output": "merge"
        },
        {
            "program": "luminance:post/merge",
            "inputs": [
                {
                    "sampler_name": "In",
                    "target": "merge"
                },
                {
                    "sampler_name": "Merge",
                    "target": "minecraft:main"
                }
            ],
            "output": "swap"
        },
        {
            "program": "minecraft:post/blit",
            "inputs": [
                {
                    "sampler_name": "In",
                    "target": "swap"
                }
            ],
            "output": "minecraft:main"
        }
    ]
}
